frame,time_s,x,y,w,h,area
3844,66.275862,466,908,29,24,392
3845,66.293103,508,836,15,17,198
3846,66.310345,504,836,17,17,201
3847,66.327586,509,836,13,17,171
3848,66.344828,465,909,30,24,463
3849,66.362069,509,838,14,14,155
3850,66.37931,509,838,13,14,141
3851,66.396552,466,908,30,24,444
3852,66.413793,509,834,16,18,227
3853,66.431034,509,834,16,18,226
3854,66.448276,509,835,17,17,233
3855,66.465517,464,909,31,24,480
3856,66.482759,466,908,30,25,483
3857,66.5,466,908,29,25,476
3858,66.517241,466,907,31,26,518
3859,66.534483,467,912,28,21,363
3860,66.551724,510,835,16,16,195
3861,66.568966,510,835,16,16,192
3862,66.586207,465,913,32,21,439
3863,66.603448,471,911,26,22,372
3864,66.62069,468,911,28,22,393
3865,66.637931,465,908,33,26,578
3866,66.655172,462,909,35,28,597
3867,66.672414,463,908,34,28,569
3868,66.689655,467,911,28,22,403
3869,66.706897,462,911,34,25,504
3870,66.724138,511,832,18,18,218
3871,66.741379,467,911,26,23,363
3872,66.758621,466,910,31,24,518
3873,66.775862,462,911,32,25,483
3874,66.793103,467,910,29,22,402
3875,66.810345,467,910,28,23,446
3876,66.827586,462,911,34,25,574
3877,66.844828,465,910,31,24,511
3878,66.862069,467,910,29,23,468
3879,66.87931,465,908,31,25,491
3880,66.896552,462,908,34,28,562
3881,66.913793,465,909,31,24,519
3882,66.931034,464,908,32,25,495
3883,66.948276,462,908,34,28,553
3884,66.965517,466,908,30,25,472
3885,66.982759,467,908,28,25,415
8588,148.068966,476,910,29,24,399
8589,148.086207,475,910,32,25,478
8590,148.103448,475,910,32,24,452
8591,148.12069,475,910,32,24,469
8592,148.137931,475,910,33,25,487
8593,148.155172,475,910,32,25,481
8594,148.172414,475,910,33,25,491
8595,148.189655,475,910,32,24,460
8596,148.206897,475,910,32,24,469
8597,148.224138,476,910,31,24,454
8598,148.241379,475,910,33,24,469
8599,148.258621,475,910,33,24,484
8600,148.275862,475,910,31,24,475
8601,148.293103,475,911,31,24,470
8602,148.310345,475,910,30,25,469
8603,148.327586,474,909,31,26,493
8604,148.344828,475,910,32,25,494
8605,148.362069,475,910,30,25,464
8606,148.37931,474,909,32,26,489
8607,148.396552,474,910,31,25,482
8608,148.413793,475,910,30,25,467
8609,148.431034,474,909,32,26,491
8610,148.448276,474,909,32,26,508
8611,148.465517,476,909,30,26,414
8612,148.482759,477,909,31,26,442
8613,148.5,477,909,31,26,435
8614,148.517241,477,910,30,25,398
8615,148.534483,475,909,33,26,463
8616,148.551724,477,910,30,24,368
8617,148.568966,475,909,32,25,422
8618,148.586207,477,911,29,24,363
8619,148.603448,477,911,29,24,357
8620,148.62069,476,910,31,25,395
8621,148.637931,476,911,30,24,386
8622,148.655172,474,908,34,29,484
8623,148.672414,474,910,33,27,443
8624,148.689655,475,910,32,22,388
9581,165.189655,478,911,28,26,375
9582,165.206897,466,907,43,30,809
9583,165.224138,465,909,43,28,779
9584,165.241379,466,906,43,31,823
9585,165.258621,465,910,43,28,759
9586,165.275862,466,910,39,28,645
9587,165.293103,466,910,40,27,636
9588,165.310345,472,911,29,26,378
9589,165.327586,465,909,43,29,607
9590,165.344828,464,912,44,26,606
9591,165.362069,472,912,29,25,383
9592,165.37931,466,912,35,25,499
13385,230.775862,467,908,38,30,614
13386,230.793103,463,908,42,30,668
13387,230.810345,463,908,41,30,677
13388,230.827586,463,907,41,31,689
13389,230.844828,462,907,41,31,741
13390,230.862069,463,904,40,34,740
13391,230.87931,463,907,40,31,690
13392,230.896552,463,907,40,31,676
13393,230.913793,462,906,41,31,676
13394,230.931034,461,906,40,30,688
13395,230.948276,462,907,41,29,660
13396,230.965517,463,906,40,29,665
13397,230.982759,462,905,42,30,674
13398,231.0,462,905,35,30,490
13399,231.017241,462,906,35,29,467
13400,231.034483,462,906,35,29,451
13401,231.051724,460,906,37,29,503
13402,231.068966,462,906,35,29,450
13403,231.086207,462,906,35,27,428
13404,231.103448,462,906,35,27,422
13405,231.12069,459,907,38,27,456
13406,231.137931,461,906,35,28,445
13407,231.155172,461,906,35,28,427
13408,231.172414,461,908,24,26,360
13528,233.241379,486,895,32,36,483
13529,233.258621,486,895,36,36,513
13530,233.275862,486,895,36,36,515
13552,233.655172,482,896,34,38,460
13553,233.672414,482,896,34,38,494
13554,233.689655,456,895,60,43,1106
13555,233.706897,470,895,48,36,584
13556,233.724138,468,911,35,25,364
13557,233.741379,478,910,25,24,315
13558,233.758621,477,909,27,25,350
13559,233.775862,482,895,33,39,435
13560,233.793103,474,902,30,33,460
13561,233.810345,467,908,37,28,518
13562,233.827586,465,903,39,33,560
13563,233.844828,474,898,29,37,455
13564,233.862069,474,898,28,37,449
14174,244.37931,495,906,22,26,362
14187,244.603448,468,912,31,22,381
14188,244.62069,464,905,45,30,614
14189,244.637931,465,906,44,29,595
14190,244.655172,464,910,36,25,551
14191,244.672414,464,905,42,30,581
14192,244.689655,468,914,29,19,370
14193,244.706897,468,910,32,23,435
14194,244.724138,468,910,32,22,426
14195,244.741379,468,911,32,21,410
14196,244.758621,470,910,30,22,402
14197,244.775862,471,910,30,23,406
14198,244.793103,471,910,30,23,399
14199,244.810345,471,910,30,23,419
14200,244.827586,470,910,31,23,425
14201,244.844828,471,910,29,23,423
14202,244.862069,471,910,29,23,415
14203,244.87931,471,910,29,21,396
14204,244.896552,471,909,29,22,403
14205,244.913793,471,910,29,21,387
16717,288.224138,459,890,63,20,861
16718,288.241379,470,892,55,15,502
16719,288.258621,475,896,72,48,1656
16720,288.275862,468,894,57,18,683
16721,288.293103,466,893,61,17,682
16722,288.310345,467,896,59,13,563
16723,288.327586,470,894,56,15,555
16724,288.344828,470,893,57,16,595
16725,288.362069,466,892,63,22,950
16726,288.37931,465,891,64,39,1573
16727,288.396552,465,892,64,40,1801
16728,288.413793,465,891,63,29,1260
16729,288.431034,466,892,63,28,1151
16730,288.448276,467,893,62,26,1086
16731,288.465517,466,892,64,26,1131
16732,288.482759,466,893,62,26,1089
16733,288.5,466,893,62,26,1086
16734,288.517241,466,893,62,26,1097
16735,288.534483,465,893,63,27,1135
16736,288.551724,465,894,63,31,1144
16737,288.568966,465,894,63,31,1138
16738,288.586207,464,894,64,32,1185
16739,288.603448,465,895,62,31,1125
16740,288.62069,464,895,63,31,1145
16741,288.637931,465,895,63,31,1120
16742,288.655172,465,895,64,31,1166
16743,288.672414,465,896,64,30,1131
16744,288.689655,465,896,64,30,1099
16745,288.706897,465,894,64,33,1195
16746,288.724138,465,896,64,30,1127
16747,288.741379,466,896,63,30,1090
16748,288.758621,466,896,63,30,1099
16749,288.775862,466,896,65,26,1119
16750,288.793103,467,896,63,30,1086
16751,288.810345,467,895,63,25,1005
16752,288.827586,466,895,64,25,1041
16753,288.844828,467,895,63,25,1007
16754,288.862069,467,894,63,25,997
16755,288.87931,467,895,63,23,981
16756,288.896552,467,895,64,23,996
16757,288.913793,467,895,63,23,968
16758,288.931034,468,895,62,23,954
16759,288.948276,467,894,65,23,990
16760,288.965517,468,894,62,23,931
16761,288.982759,468,895,62,21,864
16762,289.0,468,895,50,21,760
16763,289.017241,467,894,52,23,804
16764,289.034483,468,894,51,22,757
16765,289.051724,468,896,51,21,754
16766,289.068966,467,896,52,21,773
16767,289.086207,467,896,52,21,767
16768,289.103448,468,897,50,20,715
16769,289.12069,467,897,51,20,686
16770,289.137931,467,897,50,20,690
16771,289.155172,468,897,49,19,615
16772,289.172414,471,897,46,19,553
16773,289.189655,471,898,45,17,504
16821,290.017241,468,892,43,13,356
16843,290.396552,467,891,47,14,404
17234,297.137931,471,894,42,14,375
17259,297.568966,471,895,45,14,367
17260,297.586207,471,894,45,15,364
17261,297.603448,481,897,32,12,243
17262,297.62069,470,884,46,25,563
17263,297.637931,479,890,30,17,270
17266,297.689655,473,896,41,11,297
17267,297.706897,469,894,47,16,422
17268,297.724138,470,896,45,13,390
17269,297.741379,469,894,47,16,441
17305,298.362069,475,890,41,20,416
17306,298.37931,471,894,45,16,406
17307,298.396552,470,896,46,14,419
17308,298.413793,470,892,46,18,519
17309,298.431034,470,896,46,14,421
17310,298.448276,477,887,35,21,488
17311,298.465517,470,882,43,23,698
17312,298.482759,476,886,36,23,525
17313,298.5,477,888,35,19,423
17314,298.517241,471,889,41,20,565
17315,298.534483,471,890,43,19,496
17316,298.551724,471,887,46,23,639
17317,298.568966,470,892,46,19,530
17318,298.586207,470,892,46,18,512
17319,298.603448,470,896,46,15,441
17320,298.62069,467,895,49,16,478
17321,298.637931,470,896,46,14,423
17322,298.655172,470,892,46,18,504
17323,298.672414,470,894,46,16,450
17324,298.689655,474,888,39,21,467
17325,298.706897,474,882,41,28,604
17326,298.724138,471,894,41,16,364
17327,298.741379,471,892,40,17,358
17328,298.758621,470,892,47,19,519
17329,298.775862,470,892,42,18,443
17343,299.017241,467,895,48,17,490
17344,299.034483,467,895,44,16,441
18136,312.689655,465,896,44,14,356
18228,314.275862,463,895,50,19,542
18229,314.293103,463,895,50,19,531
18230,314.310345,463,896,48,17,422
18338,316.172414,471,881,35,18,389
18339,316.189655,471,881,45,21,555
18340,316.206897,471,881,45,21,581
18341,316.224138,470,882,41,19,472
18342,316.241379,470,882,42,20,558
19416,334.758621,474,901,31,16,357
19417,334.775862,475,900,31,18,392
19418,334.793103,475,900,30,18,372
19419,334.810345,473,900,33,18,420
19420,334.827586,473,899,30,18,410
19421,334.844828,473,899,35,19,432
19422,334.862069,474,900,34,17,394
19423,334.87931,474,902,34,15,364
19424,334.896552,473,900,37,17,456
19425,334.913793,473,900,35,17,442
19426,334.931034,473,900,31,17,377
19427,334.948276,473,899,31,17,397
19428,334.965517,474,897,30,19,405
19429,334.982759,474,887,63,27,737
19430,335.0,474,894,32,20,418
19431,335.017241,474,896,28,17,365
19432,335.034483,475,897,29,19,423
19433,335.051724,475,898,29,18,367
19434,335.068966,475,892,45,24,597
19435,335.086207,475,898,29,19,376
19436,335.103448,475,898,28,20,392
19437,335.12069,475,898,29,21,442
19438,335.137931,475,898,33,20,427
19439,335.155172,475,898,34,20,441
19440,335.172414,475,899,33,18,388
19441,335.189655,476,900,32,18,369
19442,335.206897,475,900,32,18,377
19443,335.224138,475,900,31,18,374
19444,335.241379,475,901,33,18,390
19445,335.258621,474,898,36,21,478
19446,335.275862,474,899,31,20,396
19447,335.293103,474,899,32,21,441
19448,335.310345,474,899,31,20,399
19449,335.327586,474,898,31,20,381
19520,336.551724,476,907,35,20,398
19521,336.568966,477,907,36,21,423
19522,336.586207,478,899,43,46,723
19523,336.603448,479,907,35,26,490
19524,336.62069,476,907,37,23,464
19525,336.637931,475,904,39,25,520
19526,336.655172,476,906,37,22,459
19527,336.672414,476,911,29,19,394
19528,336.689655,476,906,37,25,507
19529,336.706897,478,911,27,21,396
20463,352.810345,474,881,40,20,517
20889,360.155172,473,884,42,19,424
20890,360.172414,472,883,46,20,632
20891,360.189655,472,883,43,20,509
20892,360.206897,474,883,37,16,389
21181,365.189655,474,881,48,21,618
21182,365.206897,474,881,47,20,546
21183,365.224138,474,880,48,26,671
21184,365.241379,474,881,47,20,519
21434,369.551724,475,880,46,22,596
21435,369.568966,475,880,45,22,563
21436,369.586207,476,879,45,22,600
21437,369.603448,475,879,46,22,626
21660,373.448276,481,879,45,21,561
21661,373.465517,480,877,46,23,667
21662,373.482759,471,874,55,29,941
21663,373.5,471,873,56,32,1086
21664,373.517241,479,874,47,27,819
21665,373.534483,479,875,46,24,736
21666,373.551724,479,876,48,23,784
21667,373.568966,479,878,43,20,601
43063,742.465517,526,895,40,17,388
43064,742.482759,257,303,17,15,197
43065,742.5,257,303,17,14,180
43066,742.517241,257,303,17,15,188
43067,742.534483,526,895,40,18,371
46062,794.172414,544,895,28,20,363
46616,803.724138,505,893,38,20,428
46617,803.741379,507,891,39,22,516
46618,803.758621,507,890,40,22,547
46619,803.775862,508,890,40,22,501
46620,803.793103,508,888,41,18,453
46621,803.810345,507,887,42,19,532
46622,803.827586,508,889,40,17,451
46623,803.844828,509,889,40,23,534
46624,803.862069,509,888,40,24,575
46625,803.87931,509,887,41,25,627
46626,803.896552,510,889,39,24,534
46627,803.913793,510,889,39,24,544
46628,803.931034,510,887,40,26,606
46629,803.948276,510,888,40,24,566
46630,803.965517,510,888,40,24,574
46631,803.982759,510,887,41,25,606
46632,804.0,510,885,42,27,671
46633,804.017241,511,885,40,27,614
46634,804.034483,511,886,41,19,502
46635,804.051724,511,885,40,20,539
46636,804.068966,510,886,41,19,505
46637,804.086207,511,886,40,19,496
46638,804.103448,511,886,40,19,488
46639,804.12069,510,886,42,19,536
46640,804.137931,511,886,40,19,496
46641,804.155172,511,887,40,18,482
46642,804.172414,511,885,40,20,517
46643,804.189655,511,887,39,18,473
46644,804.206897,511,887,39,18,462
46645,804.224138,510,890,38,14,382
46646,804.241379,510,890,36,14,375
46660,804.482759,510,887,39,16,426
46684,804.896552,516,885,38,17,365
46685,804.913793,516,885,39,17,384
46686,804.931034,515,884,37,16,370
46687,804.948276,516,884,38,18,383
46688,804.965517,516,883,38,19,434
47667,821.844828,519,887,38,21,433
47668,821.862069,580,290,19,15,225
47669,821.87931,580,289,19,16,224
47670,821.896552,519,886,41,19,416
49131,847.086207,527,882,28,23,416
49132,847.103448,528,883,26,22,371
49133,847.12069,529,887,31,26,350
49134,847.137931,543,906,17,22,220
49135,847.155172,543,907,16,21,200
49137,847.189655,543,916,14,12,127
49138,847.206897,543,915,17,13,133
49139,847.224138,692,358,13,15,136
49140,847.241379,692,362,14,11,120
49141,847.258621,572,922,17,16,161
49142,847.275862,572,923,17,14,119
49144,847.310345,527,886,25,19,299
49145,847.327586,519,875,35,29,460
49146,847.344828,520,873,33,30,449
49147,847.362069,519,875,33,29,508
49148,847.37931,518,879,33,25,525
49171,847.775862,533,882,25,23,378
49172,847.793103,529,882,28,25,446
49173,847.810345,523,884,29,20,382
49274,849.551724,560,879,20,29,406
49275,849.568966,557,878,21,30,467
49287,849.775862,564,874,24,35,517
49288,849.793103,562,872,26,37,668
49289,849.810345,563,876,21,34,474
49290,849.827586,691,385,14,14,156
49291,849.844828,691,382,14,17,173
49292,849.862069,691,383,14,16,169
49293,849.87931,691,383,15,17,185
49294,849.896552,691,385,14,14,154
49295,849.913793,691,386,14,15,163
49296,849.931034,691,386,13,15,150
49297,849.948276,691,386,13,16,161
49298,849.965517,691,386,14,15,158
49299,849.982759,691,386,15,16,185
49300,850.0,561,875,40,35,695
49301,850.017241,562,872,41,37,899
49314,850.241379,562,874,40,35,670
49315,850.258621,561,871,41,37,889
49316,850.275862,561,868,41,39,981
49317,850.293103,561,868,41,39,1035
49329,850.5,562,871,36,37,707
49330,850.517241,559,867,40,40,1030
49331,850.534483,558,866,39,41,1066
49332,850.551724,558,868,38,41,1010
49333,850.568966,691,394,14,15,169
49334,850.586207,691,394,14,15,172
49335,850.603448,691,394,13,16,165
49336,850.62069,691,394,14,16,175
49337,850.637931,691,394,13,16,165
49338,850.655172,691,395,14,15,164
49339,850.672414,691,394,14,16,180
49340,850.689655,691,394,14,16,176
49341,850.706897,691,394,14,17,185
49342,850.724138,691,394,14,16,177
49343,850.741379,563,867,37,40,866
49344,850.758621,560,864,39,42,1049
49345,850.775862,559,866,40,40,1037
49346,850.793103,559,871,38,36,851
49347,850.810345,690,396,14,17,179
49348,850.827586,690,395,15,18,205
49349,850.844828,691,395,14,19,197
49350,850.862069,691,395,14,19,204
49351,850.87931,690,395,15,19,204
49352,850.896552,691,395,14,19,193
49353,850.913793,691,395,14,19,194
49354,850.931034,691,395,14,19,194
49355,850.948276,691,399,14,15,171
49356,850.965517,691,399,14,16,178
49357,850.982759,566,867,33,39,724
49358,851.0,562,863,36,41,932
49359,851.017241,561,862,38,42,1059
49360,851.034483,561,862,43,42,1179
49361,851.051724,561,863,44,43,1178
49362,851.068966,561,863,45,42,1185
49363,851.086207,561,863,45,42,1204
49364,851.103448,563,863,47,43,1226
49365,851.12069,564,863,47,42,1189
49366,851.137931,565,865,48,41,1205
49367,851.155172,566,870,50,37,1113
49368,851.172414,568,873,50,34,998
49369,851.189655,567,875,48,32,873
49370,851.206897,691,402,13,16,169
49371,851.224138,690,399,15,19,206
49372,851.241379,690,403,15,15,178
49373,851.258621,691,403,14,15,171
49374,851.275862,690,404,15,14,169
49375,851.293103,690,403,16,15,183
49376,851.310345,690,403,16,16,191
49377,851.327586,691,403,14,16,176
49378,851.344828,690,404,15,16,196
49379,851.362069,568,867,30,38,541
49380,851.37931,568,863,26,40,563
49381,851.396552,566,862,25,42,594
49382,851.413793,568,863,24,42,588
49383,851.431034,571,868,24,37,455
49384,851.448276,690,405,15,17,200
49385,851.465517,690,405,15,17,198
49386,851.482759,690,405,15,17,202
49387,851.5,691,405,14,17,190
49388,851.517241,690,406,15,16,189
49389,851.534483,690,406,15,17,195
49390,851.551724,690,408,15,15,174
49391,851.568966,690,408,15,15,178
49392,851.586207,567,864,35,40,822
49393,851.603448,563,862,39,41,954
49394,851.62069,563,862,41,40,1022
49395,851.637931,563,864,45,40,1042
49396,851.655172,566,870,47,35,956
49397,851.672414,567,876,48,30,651
49398,851.689655,691,409,14,16,182
49399,851.706897,690,409,15,16,185
49400,851.724138,690,409,15,16,185
49401,851.741379,690,409,15,17,195
49402,851.758621,690,409,14,17,190
49403,851.775862,690,410,14,16,185
49404,851.793103,690,410,14,16,185
49405,851.810345,690,410,14,16,179
49406,851.827586,690,411,15,16,195
49407,851.844828,569,863,28,42,658
49408,851.862069,568,862,28,41,737
49409,851.87931,564,862,30,43,848
49410,851.896552,564,866,32,39,738
49411,851.913793,690,411,14,17,188
49412,851.931034,689,410,15,19,214
49413,851.948276,690,411,14,18,202
49414,851.965517,689,411,15,18,208
49415,851.982759,689,411,15,18,206
49416,852.0,689,411,15,18,204
49417,852.017241,690,412,15,17,194
49418,852.034483,690,412,15,17,193
49419,852.051724,569,867,38,38,754
49420,852.068966,565,866,44,38,916
49421,852.086207,564,866,46,38,1024
49422,852.103448,566,870,45,35,827
51725,891.810345,543,895,34,25,574
51726,891.827586,543,896,34,24,580
51727,891.844828,543,895,34,25,595
51728,891.862069,543,894,34,26,611
51729,891.87931,543,895,33,25,596
51730,891.896552,542,895,35,25,607
51731,891.913793,543,894,34,26,609
51732,891.931034,542,894,34,26,610
51733,891.948276,542,895,34,25,592
51734,891.965517,542,895,34,25,588
51735,891.982759,543,895,33,25,578
51736,892.0,542,895,34,25,593
51737,892.017241,543,895,33,25,584
51738,892.034483,543,896,33,24,572
51739,892.051724,543,895,33,25,592
51740,892.068966,543,896,32,24,553
51741,892.086207,543,896,33,24,559
51742,892.103448,543,896,33,24,557
51743,892.12069,543,896,32,24,564
51744,892.137931,543,897,33,23,557
51745,892.155172,543,896,32,24,546
51746,892.172414,543,896,32,24,551
51747,892.189655,543,897,32,23,541
51748,892.206897,543,897,32,23,534
51749,892.224138,543,896,32,24,535
51750,892.241379,542,897,33,22,546
51751,892.258621,543,897,32,23,513
51752,892.275862,543,897,32,23,473
59763,1030.396552,526,911,31,30,408
59764,1030.413793,525,902,33,41,622
59765,1030.431034,525,902,33,42,658
59766,1030.448276,524,910,28,32,356
59767,1030.465517,525,911,28,30,372
59768,1030.482759,525,911,28,31,361
59769,1030.5,525,911,27,31,371
59770,1030.517241,526,912,27,30,408
59771,1030.534483,526,913,26,29,356
59772,1030.551724,526,902,28,41,626
59773,1030.568966,526,912,26,30,378
59774,1030.586207,526,913,27,29,378
59775,1030.603448,526,902,28,40,608
59776,1030.62069,526,902,28,41,584
59777,1030.637931,526,913,27,25,359
59871,1032.258621,552,889,31,16,367
59872,1032.275862,551,889,32,20,401
59873,1032.293103,551,889,32,20,404
59874,1032.310345,552,889,31,20,392
59875,1032.327586,552,890,32,20,413
59876,1032.344828,552,889,33,21,419
59877,1032.362069,552,890,33,25,459
59878,1032.37931,551,889,35,26,517
59879,1032.396552,552,890,34,25,498
59880,1032.413793,552,891,34,20,443
59881,1032.431034,552,891,34,24,492
59882,1032.448276,552,891,35,24,521
59883,1032.465517,552,891,35,24,515
59884,1032.482759,552,891,35,24,515
59885,1032.5,553,890,34,25,525
59886,1032.517241,553,890,34,25,492
59887,1032.534483,554,890,33,25,495
59888,1032.551724,554,890,32,26,485
59889,1032.568966,554,890,33,26,512
59890,1032.586207,554,890,33,24,497
59891,1032.603448,554,891,33,24,481
59892,1032.62069,553,891,34,23,511
59893,1032.637931,552,891,34,23,506
59894,1032.655172,554,891,33,24,488
59895,1032.672414,554,891,33,24,496
59896,1032.689655,552,890,35,24,517
59897,1032.706897,554,891,33,23,468
59898,1032.724138,554,890,33,24,472
59899,1032.741379,554,890,33,25,475
59900,1032.758621,554,890,32,24,441
59901,1032.775862,555,890,31,25,409
59902,1032.793103,555,890,31,25,391
59903,1032.810345,554,890,32,26,417
60843,1049.017241,546,890,42,19,504
60844,1049.034483,542,888,45,21,579
60845,1049.051724,545,890,43,20,543
60846,1049.068966,547,890,41,19,481
60847,1049.086207,547,891,41,19,478
60848,1049.103448,547,891,41,16,410
61889,1067.051724,524,906,28,25,374
61890,1067.068966,583,907,19,9,140
61891,1067.086207,583,907,19,9,140
61892,1067.103448,524,906,27,25,380
61893,1067.12069,524,907,25,24,363
62410,1076.034483,560,900,53,15,500
62411,1076.051724,561,902,50,13,434
62425,1076.293103,564,902,46,12,371
62426,1076.310345,563,901,48,13,389
62427,1076.327586,562,900,50,14,405
62428,1076.344828,556,901,55,13,442
62429,1076.362069,556,900,56,14,452
62430,1076.37931,563,901,47,12,362
62431,1076.396552,556,900,55,13,432
62432,1076.413793,555,899,55,14,464
62433,1076.431034,555,900,55,13,426
62434,1076.448276,555,896,55,17,545
62435,1076.465517,555,897,54,16,486
62436,1076.482759,555,897,55,16,503
62437,1076.5,555,897,54,16,480
62438,1076.517241,555,895,56,18,547
62439,1076.534483,555,898,55,15,486
62440,1076.551724,555,897,55,16,454
62441,1076.568966,560,897,50,15,419
62442,1076.586207,555,899,56,14,463
62443,1076.603448,555,899,56,14,450
62444,1076.62069,565,898,46,15,394
62445,1076.637931,555,898,58,15,520
62446,1076.655172,565,899,46,14,369
62447,1076.672414,564,898,48,15,432
62448,1076.689655,572,898,40,14,346
62449,1076.706897,555,898,57,16,479
62450,1076.724138,579,899,33,13,303
62451,1076.741379,579,898,31,13,275
62452,1076.758621,554,894,58,19,574
62453,1076.775862,555,895,57,18,511
62454,1076.793103,558,896,52,15,419
62471,1077.086207,554,893,35,18,395
62472,1077.103448,554,892,35,19,429
62473,1077.12069,552,891,37,20,473
62474,1077.137931,553,892,36,19,453
62475,1077.155172,554,893,35,18,391
62476,1077.172414,553,892,36,19,424
62477,1077.189655,553,893,36,18,406
62478,1077.206897,553,892,36,19,414
62479,1077.224138,553,892,36,19,407
62480,1077.241379,552,890,37,21,509
62481,1077.258621,553,892,36,19,430
62569,1078.775862,563,907,47,11,357
62570,1078.793103,555,903,55,15,475
62571,1078.810345,563,907,47,11,365
62572,1078.827586,555,907,56,11,438
62573,1078.844828,555,904,56,14,514
62574,1078.862069,555,904,57,14,503
62575,1078.87931,555,904,57,15,534
62576,1078.896552,555,904,57,15,531
62577,1078.913793,555,904,57,15,497
62578,1078.931034,555,906,57,13,462
62579,1078.948276,555,901,58,19,613
62580,1078.965517,555,905,56,14,477
62581,1078.982759,555,905,57,14,483
62582,1079.0,555,905,57,14,504
62583,1079.017241,555,908,57,11,453
62584,1079.034483,556,908,56,11,425
62585,1079.051724,555,908,57,10,419
62586,1079.068966,555,908,58,11,447
62587,1079.086207,555,908,57,10,419
62588,1079.103448,555,908,57,10,421
62589,1079.12069,555,908,57,10,416
62590,1079.137931,555,908,58,11,453
62591,1079.155172,555,908,57,11,455
62592,1079.172414,555,907,58,12,479
62593,1079.189655,555,908,58,11,444
62594,1079.206897,555,909,57,10,415
62595,1079.224138,555,909,57,10,417
62596,1079.241379,555,903,57,16,494
62597,1079.258621,566,909,47,10,359
62646,1080.103448,561,911,54,11,366
62647,1080.12069,557,909,55,13,409
62648,1080.137931,557,908,55,14,438
62649,1080.155172,557,909,55,12,404
62650,1080.172414,557,909,55,14,458
62651,1080.189655,557,909,55,13,437
62652,1080.206897,557,909,55,12,425
62653,1080.224138,561,911,52,10,368
62654,1080.241379,557,909,55,13,457
62655,1080.258621,557,909,55,13,443
62656,1080.275862,557,907,58,16,516
62657,1080.293103,561,912,53,10,391
62658,1080.310345,561,912,52,10,361
62659,1080.327586,561,912,52,10,376
62660,1080.344828,561,912,53,11,401
62661,1080.362069,561,912,52,10,372
62662,1080.37931,558,912,55,12,424
62663,1080.396552,561,912,52,11,388
62664,1080.413793,561,913,53,10,374
62665,1080.431034,561,913,52,11,357
62666,1080.448276,558,909,56,17,545
62667,1080.465517,551,908,63,33,878
62668,1080.482759,552,910,62,18,582
62669,1080.5,559,910,55,17,524
62670,1080.517241,559,910,54,17,483
62671,1080.534483,559,913,54,15,420
62672,1080.551724,558,910,43,31,684
62673,1080.568966,557,910,45,30,713
62674,1080.586207,556,908,58,32,845
62675,1080.603448,559,910,55,20,573
62676,1080.62069,559,910,42,19,431
62677,1080.637931,559,910,42,19,435
62678,1080.655172,559,913,54,17,454
62679,1080.672414,559,910,42,19,437
62680,1080.689655,559,910,42,30,644
62681,1080.706897,559,908,43,32,713
62682,1080.724138,559,910,55,30,799
62683,1080.741379,559,910,42,30,668
62684,1080.758621,559,910,42,30,612
62685,1080.775862,559,913,42,16,360
62847,1083.568966,548,905,34,25,404
62848,1083.586207,519,894,64,45,1068
62849,1083.603448,519,894,64,41,1047
62850,1083.62069,545,904,36,28,507
62851,1083.637931,547,905,34,26,477
62852,1083.655172,546,905,34,27,492
62853,1083.672414,546,905,34,27,500
62854,1083.689655,544,905,36,27,503
62855,1083.706897,543,905,35,28,538
62856,1083.724138,545,905,33,27,467
62857,1083.741379,541,905,36,27,545
62858,1083.758621,545,904,31,27,484
62859,1083.775862,545,904,30,27,482
62860,1083.793103,541,904,34,27,512
62861,1083.810345,540,904,35,26,502
62862,1083.827586,540,903,34,27,485
62863,1083.844828,539,903,35,27,527
62864,1083.862069,540,902,33,27,523
62865,1083.87931,539,902,34,28,504
62866,1083.896552,539,902,33,28,458
62867,1083.913793,539,902,33,28,483
62868,1083.931034,542,902,30,28,448
62869,1083.948276,542,903,28,26,383
62870,1083.965517,542,902,28,27,411
62871,1083.982759,540,902,30,26,422
62872,1084.0,509,893,27,23,418
62873,1084.017241,509,893,27,24,421
62874,1084.034483,508,892,28,24,445
62875,1084.051724,508,894,27,23,435
62876,1084.068966,508,894,27,22,414
62877,1084.086207,508,894,27,22,409
62878,1084.103448,507,894,27,22,433
62879,1084.12069,506,894,28,20,413
62880,1084.137931,506,894,28,19,403
62881,1084.155172,505,893,29,19,393
62882,1084.172414,505,894,26,20,402
62883,1084.189655,504,893,27,20,426
62884,1084.206897,503,894,28,20,440
62885,1084.224138,502,893,29,21,475
62886,1084.241379,502,894,29,20,459
62887,1084.258621,500,894,36,20,488
62888,1084.275862,498,893,38,20,506
62889,1084.293103,497,895,40,19,526
62890,1084.310345,496,894,40,20,506
62891,1084.327586,494,895,44,19,536
62892,1084.344828,494,894,44,20,561
62893,1084.362069,494,894,44,19,529
62894,1084.37931,493,894,45,19,545
62895,1084.396552,492,894,33,19,455
62896,1084.413793,492,894,46,19,572
62897,1084.431034,491,895,34,18,449
62898,1084.448276,490,894,34,20,472
62899,1084.465517,489,895,35,19,488
62900,1084.482759,489,895,35,19,468
62901,1084.5,488,895,36,19,474
62902,1084.517241,487,894,36,20,494
62903,1084.534483,486,894,36,20,519
62904,1084.551724,486,894,48,24,649
62905,1084.568966,484,895,49,23,638
62906,1084.586207,484,894,49,24,679
62907,1084.603448,483,895,50,23,650
62908,1084.62069,482,895,51,23,656
62909,1084.637931,481,895,52,23,647
62910,1084.655172,481,895,51,23,675
62911,1084.672414,481,895,51,23,658
62912,1084.689655,480,895,52,23,655
62913,1084.706897,479,894,54,27,739
62914,1084.724138,478,894,55,28,731
62915,1084.741379,476,895,57,27,765
62916,1084.758621,475,894,57,28,758
62917,1084.775862,474,894,58,30,821
62918,1084.793103,473,894,59,30,812
62919,1084.810345,472,894,61,30,822
62920,1084.827586,471,894,62,30,864
62921,1084.844828,471,894,62,29,810
62922,1084.862069,471,894,43,20,548
62923,1084.87931,471,895,42,19,545
62924,1084.896552,471,895,61,19,718
62925,1084.913793,470,895,61,19,677
62926,1084.931034,470,895,48,19,604
62927,1084.948276,470,894,47,20,634
62928,1084.965517,470,895,47,19,598
62929,1084.982759,468,894,49,20,607
62930,1085.0,468,894,49,20,606
62931,1085.017241,467,894,44,20,582
62932,1085.034483,466,894,45,20,561
62933,1085.051724,465,894,45,20,560
62934,1085.068966,465,894,43,20,552
62935,1085.086207,464,894,43,20,551
62936,1085.103448,464,894,39,20,526
62937,1085.12069,463,894,39,20,528
62938,1085.137931,462,894,38,20,539
62939,1085.155172,462,894,37,20,518
62940,1085.172414,462,894,37,19,501
62941,1085.189655,461,893,39,20,527
62942,1085.206897,460,894,38,19,504
62943,1085.224138,460,893,38,20,515
62944,1085.241379,459,893,38,20,514
62945,1085.258621,458,892,39,21,545
62946,1085.275862,458,892,37,20,505
62947,1085.293103,457,892,38,19,509
62948,1085.310345,456,892,38,19,525
62949,1085.327586,456,892,36,19,493
62950,1085.344828,455,892,37,19,516
62951,1085.362069,454,892,37,19,505
62952,1085.37931,454,891,38,21,556
62953,1085.396552,452,892,39,19,521
62954,1085.413793,452,891,37,20,522
62955,1085.431034,450,891,39,20,553
62956,1085.448276,449,891,39,21,544
62957,1085.465517,449,891,38,23,564
62958,1085.482759,448,891,39,21,529
62959,1085.5,448,891,37,23,584
62960,1085.517241,448,891,37,21,521
62961,1085.534483,448,891,36,23,527
62962,1085.551724,447,891,37,21,545
62963,1085.568966,448,891,34,23,514
62964,1085.586207,447,892,35,22,503
62965,1085.603448,447,891,34,23,494
62966,1085.62069,446,890,35,24,574
62967,1085.637931,446,891,35,22,499
62968,1085.655172,446,891,35,20,492
62969,1085.672414,446,891,35,20,493
62970,1085.689655,446,891,34,20,479
62971,1085.706897,446,891,34,20,474
62972,1085.724138,446,891,33,20,485
62973,1085.741379,447,892,32,22,530
62974,1085.758621,447,892,30,25,491
62975,1085.775862,447,892,29,25,473
62976,1085.793103,448,892,29,25,472
62977,1085.810345,448,893,30,25,498
62978,1085.827586,449,894,28,23,453
62979,1085.844828,449,894,28,23,443
62980,1085.862069,449,891,30,26,508
62981,1085.87931,449,892,26,25,427
62982,1085.896552,449,892,26,25,432
62983,1085.913793,449,891,26,26,448
62984,1085.931034,449,891,26,26,484
62985,1085.948276,449,891,22,25,378
62986,1085.965517,448,889,26,27,523
62987,1085.982759,448,890,24,24,438
62988,1086.0,448,889,63,43,1170
62989,1086.017241,448,890,24,24,382
62990,1086.034483,446,888,25,21,387
62991,1086.051724,446,889,28,24,435
62992,1086.068966,445,888,25,22,371
62993,1086.086207,444,886,27,23,424
62994,1086.103448,443,886,27,23,414
62995,1086.12069,442,887,28,19,388
62996,1086.137931,441,887,27,21,400
62997,1086.155172,440,886,27,22,409
62998,1086.172414,440,886,28,26,491
62999,1086.189655,439,886,29,22,440
63000,1086.206897,438,887,30,24,467
63001,1086.224138,438,886,30,25,492
63002,1086.241379,437,886,31,25,486
63003,1086.258621,436,886,25,25,438
63004,1086.275862,436,886,24,24,437
63005,1086.293103,436,886,24,24,445
63006,1086.310345,435,886,25,23,424
63007,1086.327586,435,886,25,23,422
63008,1086.344828,434,886,27,23,458
63009,1086.362069,434,886,24,23,424
63010,1086.37931,434,886,25,22,430
63011,1086.396552,434,886,24,23,422
63012,1086.413793,434,886,25,23,430
63013,1086.431034,435,886,23,22,391
63014,1086.448276,434,882,34,30,571
63015,1086.465517,435,885,33,23,433
63058,1087.206897,476,889,20,31,363
63059,1087.224138,456,889,41,42,894
63060,1087.241379,476,889,21,32,365
63061,1087.258621,457,889,43,32,677
63062,1087.275862,456,889,46,40,841
63063,1087.293103,455,889,49,34,890
63064,1087.310345,454,889,52,33,892
63082,1087.62069,486,887,43,21,525
63083,1087.637931,462,884,68,47,1420
63084,1087.655172,483,884,48,26,782
63085,1087.672414,483,887,47,15,477
63086,1087.689655,479,883,54,27,905
63087,1087.706897,478,881,56,32,991
63088,1087.724138,478,880,58,51,1518
63089,1087.741379,480,886,58,16,597
63090,1087.758621,480,881,58,50,1468
63091,1087.775862,480,881,59,50,1512
63092,1087.793103,481,881,60,50,1713
63093,1087.810345,480,878,61,33,1147
63094,1087.827586,481,878,61,53,1650
63095,1087.844828,481,878,62,36,1281
63096,1087.862069,481,887,40,13,385
63097,1087.87931,482,887,39,13,365
63124,1088.344828,502,886,35,18,368
63125,1088.362069,484,881,74,36,1296
63126,1088.37931,488,886,49,30,504
63138,1088.586207,521,888,41,18,470
63139,1088.603448,521,888,41,19,520
63140,1088.62069,522,888,40,31,580
63141,1088.637931,522,888,40,20,500
63142,1088.655172,522,889,40,19,453
63143,1088.672414,523,888,38,21,475
63144,1088.689655,523,888,39,21,481
63145,1088.706897,526,888,35,20,411
63146,1088.724138,526,888,36,21,464
63147,1088.741379,526,888,36,21,465
63148,1088.758621,528,887,34,22,444
63149,1088.775862,528,888,35,21,405
63163,1089.017241,532,890,33,19,358
63191,1089.5,557,891,23,25,383
63192,1089.517241,558,893,24,23,378
63193,1089.534483,558,893,25,24,409
63194,1089.551724,558,894,27,23,425
63195,1089.568966,558,893,29,24,466
63196,1089.586207,558,894,28,23,437
63197,1089.603448,558,895,29,22,433
63198,1089.62069,558,893,30,25,471
63199,1089.637931,558,895,31,23,463
63200,1089.655172,558,895,30,23,453
63201,1089.672414,558,894,31,24,479
63202,1089.689655,558,894,33,25,517
63203,1089.706897,558,895,32,24,465
63204,1089.724138,558,897,34,23,468
63205,1089.741379,558,896,35,24,502
63206,1089.758621,558,897,38,24,513
63207,1089.775862,560,897,35,24,469
63208,1089.793103,561,897,36,24,465
63209,1089.810345,560,897,38,23,509
63210,1089.827586,563,897,36,23,463
63211,1089.844828,566,897,34,23,471
63212,1089.862069,566,897,35,23,479
63213,1089.87931,567,897,37,24,499
63214,1089.896552,567,898,37,23,455
63215,1089.913793,568,898,36,23,446
63216,1089.931034,568,899,38,23,461
63244,1090.413793,564,897,32,22,390
63245,1090.431034,562,897,32,22,459
63246,1090.448276,561,897,30,22,434
63247,1090.465517,561,897,25,21,376
63248,1090.482759,560,896,26,22,405
63249,1090.5,559,896,25,21,361
63250,1090.517241,558,896,23,21,356
63251,1090.534483,557,896,29,22,396
63252,1090.551724,552,897,40,25,583
63253,1090.568966,552,899,22,23,356
63283,1091.086207,511,898,27,21,373
63284,1091.103448,510,897,29,24,440
63285,1091.12069,508,898,28,24,438
63286,1091.137931,505,898,28,22,431
63287,1091.155172,503,898,28,27,473
63288,1091.172414,501,901,30,19,416
63289,1091.189655,499,901,32,21,431
63290,1091.206897,499,901,32,18,379
63291,1091.224138,497,901,29,21,414
63292,1091.241379,495,897,31,21,439
63293,1091.258621,493,901,33,16,365
63294,1091.275862,491,901,35,18,407
63295,1091.293103,490,901,36,17,376
63315,1091.637931,449,899,27,20,365
63316,1091.655172,448,896,33,34,632
63317,1091.672414,446,898,27,21,372
63318,1091.689655,444,898,28,22,409
63319,1091.706897,443,898,26,24,417
63320,1091.724138,441,898,27,23,417
63321,1091.741379,440,898,26,23,410
63322,1091.758621,438,898,27,23,440
63323,1091.775862,438,897,25,23,432
63324,1091.793103,435,896,28,24,459
63325,1091.810345,433,895,31,25,517
63326,1091.827586,431,896,31,24,499
63327,1091.844828,431,896,31,24,500
63328,1091.862069,431,895,31,25,520
63329,1091.87931,430,895,32,25,554
63330,1091.896552,430,896,32,24,526
63331,1091.913793,430,896,32,24,523
63332,1091.931034,430,895,32,25,550
63333,1091.948276,430,896,32,24,527
63334,1091.965517,429,896,33,25,551
63335,1091.982759,428,896,34,25,565
63336,1092.0,428,896,34,25,574
63337,1092.017241,428,896,34,25,559
63338,1092.034483,428,896,34,25,569
63339,1092.051724,428,896,34,25,571
63340,1092.068966,428,897,31,25,550
63341,1092.086207,428,896,37,26,585
63342,1092.103448,428,896,38,26,590
63343,1092.12069,427,896,45,26,646
63344,1092.137931,427,897,45,25,621
63345,1092.155172,427,896,45,26,626
63346,1092.172414,427,896,42,26,619
63347,1092.189655,426,898,42,24,617
63348,1092.206897,425,896,33,26,569
63349,1092.224138,424,897,44,25,635
63350,1092.241379,423,897,45,25,684
63351,1092.258621,423,897,43,24,624
63352,1092.275862,422,897,44,25,657
63353,1092.293103,420,896,45,26,700
63354,1092.310345,419,897,39,25,651
63355,1092.327586,418,897,41,25,655
63356,1092.344828,417,897,42,25,685
63357,1092.362069,416,897,43,25,712
63358,1092.37931,417,897,39,25,644
63359,1092.396552,417,896,39,25,663
63360,1092.413793,417,896,38,25,669
63361,1092.431034,417,896,38,26,657
63362,1092.448276,417,897,38,25,644
63363,1092.465517,417,897,38,25,630
63364,1092.482759,417,897,38,25,664
63365,1092.5,417,897,38,25,617
63366,1092.517241,417,897,38,25,618
63367,1092.534483,417,896,36,26,643
63368,1092.551724,417,896,36,26,610
63369,1092.568966,418,897,33,25,579
63370,1092.586207,418,897,33,25,555
63371,1092.603448,418,897,33,25,581
63372,1092.62069,419,897,30,25,498
63373,1092.637931,419,901,29,21,441
63374,1092.655172,419,900,25,22,401
63375,1092.672414,420,901,23,21,364
63376,1092.689655,421,900,30,51,850
63377,1092.706897,422,900,29,44,702
63378,1092.724138,423,900,27,21,363
63396,1093.034483,465,905,34,22,378
63397,1093.051724,461,903,37,24,409
63398,1093.068966,462,903,35,24,406
63399,1093.086207,460,902,36,24,409
63400,1093.103448,431,892,16,16,178
63401,1093.12069,430,892,27,15,242
63402,1093.137931,459,901,36,25,389
63557,1095.810345,431,886,34,18,379
63558,1095.827586,431,886,33,19,378
63559,1095.844828,431,886,34,19,408
63560,1095.862069,432,886,34,19,420
63561,1095.87931,433,886,35,19,473
63562,1095.896552,433,883,35,21,490
63563,1095.913793,432,883,37,20,476
63564,1095.931034,431,882,38,24,564
63565,1095.948276,431,882,39,24,568
63566,1095.965517,431,882,39,24,588
63567,1095.982759,431,881,39,24,574
63568,1096.0,430,882,40,22,575
63569,1096.017241,430,882,39,21,520
63570,1096.034483,428,882,44,28,637
63571,1096.051724,428,881,45,29,706
63572,1096.068966,428,881,45,30,724
63573,1096.086207,427,880,46,31,758
63574,1096.103448,427,879,47,34,827
63575,1096.12069,426,880,50,34,892
63576,1096.137931,426,879,48,35,857
63577,1096.155172,425,879,48,34,825
63578,1096.172414,424,879,52,35,929
63579,1096.189655,425,879,49,33,838
63580,1096.206897,424,879,48,33,791
63581,1096.224138,423,877,49,35,850
63582,1096.241379,423,878,51,34,886
63583,1096.258621,422,878,51,34,879
63584,1096.275862,422,878,52,34,889
63585,1096.293103,422,878,51,34,888
63586,1096.310345,422,879,47,33,769
63587,1096.327586,422,879,52,33,819
63588,1096.344828,422,878,50,33,802
63589,1096.362069,422,879,52,33,851
63590,1096.37931,422,879,50,32,780
63591,1096.396552,422,879,50,33,772
63592,1096.413793,422,879,50,32,794
63593,1096.431034,422,879,50,32,788
63594,1096.448276,420,879,52,32,811
63595,1096.465517,420,879,55,31,869
63596,1096.482759,419,880,61,29,943
63597,1096.5,417,880,62,27,856
63598,1096.517241,417,880,66,26,872
63599,1096.534483,415,880,69,25,931
63600,1096.551724,415,882,69,23,832
63601,1096.568966,415,881,69,25,881
63602,1096.586207,414,881,65,26,838
63603,1096.603448,414,880,67,28,898
63604,1096.62069,412,880,31,18,367
63605,1096.637931,443,884,35,25,454
63606,1096.655172,442,887,36,23,423
63607,1096.672414,442,889,38,23,424
63608,1096.689655,442,888,37,23,361
63609,1096.706897,410,879,26,19,359
63610,1096.724138,409,880,27,18,361
63624,1096.965517,402,881,38,18,427
63749,1099.12069,375,884,22,22,370
63750,1099.137931,376,884,22,22,365
63751,1099.155172,376,884,23,22,399
63752,1099.172414,378,884,21,22,357
63753,1099.189655,376,884,24,22,429
63754,1099.206897,378,884,23,22,398
63755,1099.224138,378,885,23,21,391
63756,1099.241379,377,884,25,24,461
63757,1099.258621,377,884,25,24,463
63758,1099.275862,379,885,22,23,404
63759,1099.293103,379,885,22,21,357
63760,1099.310345,379,884,23,24,448
63761,1099.327586,379,884,23,23,401
63762,1099.344828,379,884,25,22,394
63763,1099.362069,380,884,24,22,391
63764,1099.37931,380,884,24,23,413
63765,1099.396552,382,884,23,24,443
63766,1099.413793,383,885,22,23,392
63767,1099.431034,383,885,23,22,398
63768,1099.448276,384,884,23,24,449
63769,1099.465517,382,885,25,23,447
63770,1099.482759,384,885,23,23,425
63771,1099.5,384,885,24,23,398
63772,1099.517241,384,885,26,23,435
63773,1099.534483,386,885,24,23,416
63774,1099.551724,387,885,25,23,445
63775,1099.568966,386,884,27,24,474
63776,1099.586207,388,884,26,23,449
63777,1099.603448,387,884,29,20,412
63778,1099.62069,389,884,29,20,422
63779,1099.637931,390,884,28,24,482
63780,1099.655172,393,884,25,23,436
63781,1099.672414,394,884,26,22,435
63782,1099.689655,394,884,27,22,445
63783,1099.706897,394,884,28,23,472
63784,1099.724138,395,884,28,23,460
63785,1099.741379,398,884,25,23,428
63786,1099.758621,395,884,28,23,460
63787,1099.775862,398,884,25,23,435
63788,1099.793103,394,884,30,23,491
63789,1099.810345,394,884,30,23,495
63790,1099.827586,394,884,31,24,507
63791,1099.844828,394,884,31,23,479
63792,1099.862069,395,884,30,23,472
63793,1099.87931,395,884,31,23,506
63794,1099.896552,395,884,31,23,472
63795,1099.913793,396,884,32,23,479
63796,1099.931034,403,884,25,22,427
63797,1099.948276,397,884,33,23,503
63798,1099.965517,398,884,32,23,498
63799,1099.982759,398,885,33,22,476
63800,1100.0,406,884,27,23,481
63801,1100.017241,407,885,27,22,439
63802,1100.034483,407,885,27,22,448
63803,1100.051724,408,883,28,23,487
63804,1100.068966,408,884,30,22,495
63805,1100.086207,408,884,30,25,506
63806,1100.103448,408,884,30,25,504
63807,1100.12069,408,883,31,23,520
63808,1100.137931,410,884,28,22,455
63809,1100.155172,410,884,29,22,473
63810,1100.172414,412,884,28,22,455
63811,1100.189655,413,884,27,22,445
63812,1100.206897,414,884,27,21,422
63813,1100.224138,414,884,28,22,448
63814,1100.241379,413,884,32,22,504
63815,1100.258621,414,884,27,22,424
63816,1100.275862,414,885,28,21,416
63817,1100.293103,417,884,27,22,415
63818,1100.310345,417,884,31,22,449
63819,1100.327586,418,884,25,22,404
63820,1100.344828,418,885,25,21,391
63821,1100.362069,418,885,31,21,427
63822,1100.37931,419,886,30,20,404
63823,1100.396552,422,886,28,20,397
63824,1100.413793,421,886,29,20,417
63825,1100.431034,421,888,31,19,393
63826,1100.448276,422,886,30,21,417
63827,1100.465517,422,886,30,24,429
63828,1100.482759,421,886,32,22,431
63829,1100.5,423,886,30,22,380
63830,1100.517241,422,888,31,21,427
63831,1100.534483,422,889,31,20,417
63832,1100.551724,424,888,29,20,382
63899,1101.706897,433,903,27,17,374
63900,1101.724138,433,903,27,17,361
63901,1101.741379,434,903,26,18,358
63902,1101.758621,433,903,27,18,373
63903,1101.775862,433,903,26,18,367
63904,1101.793103,433,903,26,18,361
63905,1101.810345,433,903,26,18,370
63906,1101.827586,433,903,27,18,362
63907,1101.844828,433,903,27,18,376
63908,1101.862069,430,903,31,18,438
63909,1101.87931,434,899,27,24,425
63910,1101.896552,435,903,28,18,375
63911,1101.913793,435,899,28,29,498
63912,1101.931034,435,899,30,23,464
63913,1101.948276,438,902,27,20,395
63914,1101.965517,438,902,27,22,408
63915,1101.982759,438,902,27,21,410
63916,1102.0,438,902,27,22,426
63917,1102.017241,428,903,38,21,549
63918,1102.034483,429,903,37,21,524
63919,1102.051724,429,903,37,22,518
63920,1102.068966,438,903,28,22,467
63921,1102.086207,430,903,37,23,555
63922,1102.103448,430,903,37,23,534
63923,1102.12069,430,903,38,24,581
63924,1102.137931,439,903,30,25,554
63925,1102.155172,439,904,29,24,502
63926,1102.172414,439,904,29,24,501
63927,1102.189655,439,904,30,24,521
63928,1102.206897,439,904,30,24,516
63929,1102.224138,441,904,27,24,484
63930,1102.241379,440,904,28,24,493
63931,1102.258621,440,904,29,24,522
63932,1102.275862,441,904,27,24,485
63933,1102.293103,441,904,27,24,487
63934,1102.310345,440,904,28,24,493
63935,1102.327586,440,904,28,24,489
63936,1102.344828,440,904,28,24,486
63937,1102.362069,441,904,27,24,463
63938,1102.37931,440,904,29,24,497
63939,1102.396552,441,904,27,24,461
63940,1102.413793,440,904,28,24,466
63941,1102.431034,441,904,27,24,458
63942,1102.448276,440,905,29,23,442
63943,1102.465517,441,905,27,23,422
63944,1102.482759,440,905,28,23,427
63945,1102.5,441,909,28,19,389
63946,1102.517241,441,910,27,18,368
63947,1102.534483,441,910,27,18,358
63948,1102.551724,440,909,29,29,415
63949,1102.568966,439,909,30,20,356
63950,1102.586207,440,904,31,24,489
63951,1102.603448,442,908,30,19,387
63952,1102.62069,443,907,31,20,431
63953,1102.637931,444,907,30,21,443
63954,1102.655172,445,902,32,26,551
63955,1102.672414,446,902,31,26,550
63956,1102.689655,445,902,34,26,589
63957,1102.706897,446,901,34,24,554
63958,1102.724138,449,900,33,24,550
63959,1102.741379,446,896,38,27,639
63960,1102.758621,451,897,34,25,560
63961,1102.775862,450,897,36,27,639
63962,1102.793103,452,897,35,27,640
63963,1102.810345,450,897,39,27,658
63964,1102.827586,454,897,34,31,636
63965,1102.844828,454,897,35,27,622
63966,1102.862069,454,897,36,30,694
63967,1102.87931,456,897,34,30,618
63968,1102.896552,456,898,36,29,624
63969,1102.913793,456,896,36,31,669
63970,1102.931034,456,897,37,30,660
63971,1102.948276,464,897,30,30,604
63972,1102.965517,464,897,34,30,634
63973,1102.982759,464,896,34,30,688
63974,1103.0,464,896,36,31,691
63975,1103.017241,466,897,36,30,715
63976,1103.034483,468,896,36,31,731
63977,1103.051724,467,896,39,29,759
63978,1103.068966,468,896,38,25,713
63979,1103.086207,469,896,39,25,730
63980,1103.103448,469,895,41,25,798
63981,1103.12069,472,896,40,24,727
63982,1103.137931,473,895,41,31,783
63983,1103.155172,475,895,42,31,794
63984,1103.172414,476,896,43,30,843
63985,1103.189655,476,896,44,25,788
63986,1103.206897,477,896,45,25,782
63987,1103.224138,478,896,44,25,832
63988,1103.241379,478,896,46,30,850
63989,1103.258621,478,896,47,29,856
63990,1103.275862,479,896,48,29,896
63991,1103.293103,481,896,49,29,943
63992,1103.310345,483,896,47,30,835
63993,1103.327586,485,896,48,29,863
63994,1103.344828,486,896,50,28,930
63995,1103.362069,489,896,48,28,868
63996,1103.37931,491,897,47,26,863
63997,1103.396552,492,896,48,28,880
63998,1103.413793,492,897,50,32,964
63999,1103.431034,494,897,48,27,863
64000,1103.448276,494,896,49,28,884
64001,1103.465517,493,896,50,28,933
64002,1103.482759,494,897,49,31,919
64003,1103.5,495,897,49,27,890
64004,1103.517241,493,897,51,27,905
64005,1103.534483,492,897,54,27,955
64006,1103.551724,494,897,52,27,925
64007,1103.568966,495,897,51,27,910
64008,1103.586207,494,897,56,27,980
64009,1103.603448,495,898,55,31,979
64010,1103.62069,496,898,54,27,939
64011,1103.637931,496,898,56,31,971
64012,1103.655172,497,898,57,30,1049
64013,1103.672414,500,899,55,29,961
64014,1103.689655,500,899,56,27,959
64015,1103.706897,502,897,55,29,994
64016,1103.724138,502,899,55,27,973
64017,1103.741379,504,899,54,27,952
64018,1103.758621,506,899,53,27,959
64019,1103.775862,505,899,56,27,1038
64020,1103.793103,506,899,54,27,968
64021,1103.810345,505,899,57,27,988
64022,1103.827586,505,898,56,28,1007
64023,1103.844828,506,898,55,28,983
64024,1103.862069,510,899,50,27,916
64025,1103.87931,510,898,50,28,931
64026,1103.896552,510,897,50,30,1011
64027,1103.913793,510,897,50,29,940
64028,1103.931034,510,897,49,29,941
64029,1103.948276,509,896,50,30,994
64030,1103.965517,508,896,50,30,977
64031,1103.982759,508,896,50,26,933
64032,1104.0,508,896,50,26,923
64033,1104.017241,508,896,50,26,977
64034,1104.034483,508,896,49,26,898
64035,1104.051724,506,896,47,25,842
64036,1104.068966,507,895,48,26,893
64037,1104.086207,507,894,47,28,865
64038,1104.103448,508,896,45,24,783
64039,1104.12069,511,896,42,25,762
64040,1104.137931,508,896,45,27,811
64041,1104.155172,514,898,38,27,708
64042,1104.172414,519,899,33,29,648
64043,1104.189655,514,898,38,30,669
64044,1104.206897,514,899,38,29,656
64045,1104.224138,524,899,28,29,514
64046,1104.241379,524,899,28,29,500
64047,1104.258621,526,897,26,31,524
64048,1104.275862,527,900,25,28,432
64049,1104.293103,527,900,25,28,415
64050,1104.310345,530,899,22,29,368
64051,1104.327586,530,900,21,28,410
64068,1104.62069,526,896,33,18,382
64069,1104.637931,505,895,56,36,1122
64070,1104.655172,506,895,56,37,1128
64071,1104.672414,532,896,31,26,437
64072,1104.689655,533,896,31,26,445
64073,1104.706897,533,896,33,18,385
64074,1104.724138,533,895,34,19,424
64075,1104.741379,533,894,36,27,545
64076,1104.758621,538,895,32,18,425
64077,1104.775862,538,895,35,18,430
64078,1104.793103,538,894,36,19,482
64079,1104.810345,541,895,35,27,558
64080,1104.827586,541,895,36,26,496
64081,1104.844828,542,895,36,26,490
64082,1104.862069,544,894,36,26,536
64083,1104.87931,544,894,36,25,483
64084,1104.896552,545,894,38,25,527
64085,1104.913793,547,894,37,25,529
64086,1104.931034,548,894,37,25,520
64087,1104.948276,548,894,37,24,489
64088,1104.965517,549,894,37,18,435
64089,1104.982759,549,894,39,18,492
64090,1105.0,550,894,37,17,415
64091,1105.017241,550,894,38,16,406
64092,1105.034483,551,893,38,16,388
64093,1105.051724,551,894,39,15,380
64094,1105.068966,534,893,71,59,2188
64095,1105.086207,530,893,77,60,2511
64096,1105.103448,542,894,39,30,516
64097,1105.12069,540,892,65,62,2360
64098,1105.137931,542,894,40,30,484
64099,1105.155172,542,893,64,60,2738
64100,1105.172414,545,894,45,29,529
64101,1105.189655,546,894,54,29,683
64102,1105.206897,547,894,55,29,783
64103,1105.224138,550,893,56,30,871
64104,1105.241379,551,892,57,30,961
64105,1105.258621,552,892,58,30,974
64106,1105.275862,552,892,60,30,1033
64107,1105.293103,552,891,63,31,1069
64108,1105.310345,552,892,63,30,1185
64109,1105.327586,552,892,66,30,1189
64110,1105.344828,553,893,68,29,1224
64111,1105.362069,554,893,49,29,911
64112,1105.37931,554,892,50,30,923
64113,1105.396552,554,893,51,29,899
64114,1105.413793,554,893,50,29,907
64115,1105.431034,555,893,51,29,910
64116,1105.448276,556,894,48,28,844
64117,1105.465517,556,895,49,27,811
64118,1105.482759,561,896,44,26,752
64119,1105.5,563,896,43,26,737
64120,1105.517241,562,896,44,26,771
64121,1105.534483,559,896,46,26,764
64122,1105.551724,563,896,43,26,737
64123,1105.568966,563,896,43,26,712
64124,1105.586207,565,897,41,25,667
64125,1105.603448,567,897,38,25,640
64126,1105.62069,569,896,36,26,580
64127,1105.637931,575,897,30,25,492
64128,1105.655172,568,899,36,23,533
64129,1105.672414,577,897,29,25,492
64130,1105.689655,578,897,29,25,489
64131,1105.706897,579,902,27,21,420
64132,1105.724138,580,897,26,25,435
64133,1105.741379,581,898,25,24,418
64134,1105.758621,582,893,64,30,867
64135,1105.775862,583,893,65,30,866
64136,1105.793103,584,893,64,30,876
64137,1105.810345,582,896,36,27,462
64138,1105.827586,582,893,67,30,908
64139,1105.844828,583,893,68,29,916
64140,1105.862069,584,893,68,29,878
64141,1105.87931,585,893,67,29,875
64142,1105.896552,587,893,66,29,947
64143,1105.913793,589,893,65,29,832
64144,1105.931034,590,893,65,30,822
64145,1105.948276,611,893,44,29,650
64146,1105.965517,611,893,45,29,617
64147,1105.982759,613,893,44,28,622
64148,1106.0,612,893,45,27,604
64149,1106.017241,592,893,65,31,889
64150,1106.034483,592,894,64,31,769
64151,1106.051724,611,894,46,21,568
64152,1106.068966,601,894,56,21,664
64153,1106.086207,611,894,45,26,607
64154,1106.103448,612,894,44,21,550
64155,1106.12069,612,894,44,21,557
64156,1106.137931,611,894,47,21,636
64157,1106.155172,611,894,47,21,603
64158,1106.172414,612,894,46,20,590
64159,1106.189655,612,894,48,20,623
64160,1106.206897,615,893,46,27,655
64161,1106.224138,615,894,47,21,600
64162,1106.241379,615,894,47,21,610
64163,1106.258621,603,893,60,22,752
64164,1106.275862,617,894,46,21,601
64165,1106.293103,619,893,45,22,603
64166,1106.310345,619,893,46,22,648
64167,1106.327586,619,893,47,28,701
64168,1106.344828,619,893,48,22,658
64169,1106.362069,624,893,43,22,619
64170,1106.37931,624,893,44,22,674
64171,1106.396552,625,893,43,22,618
64172,1106.413793,625,893,43,22,629
64173,1106.431034,624,893,44,22,607
64174,1106.448276,624,893,44,23,625
64175,1106.465517,630,893,37,23,550
64176,1106.482759,630,893,37,23,550
64177,1106.5,625,893,43,23,615
64178,1106.517241,630,893,37,23,544
64179,1106.534483,630,893,36,23,528
64180,1106.551724,630,893,37,23,539
64181,1106.568966,630,893,37,23,533
64182,1106.586207,630,893,37,23,484
64183,1106.603448,630,893,37,23,443
64184,1106.62069,630,893,37,23,493
64222,1107.275862,590,890,32,29,362
64281,1108.293103,579,875,34,24,366
64282,1108.310345,579,875,35,24,388
64283,1108.327586,579,875,35,23,381
64284,1108.344828,579,874,36,24,394
64285,1108.362069,576,872,45,43,1045
64286,1108.37931,588,874,30,18,365
64287,1108.396552,577,873,41,42,947
64288,1108.413793,587,874,30,18,358
64289,1108.431034,585,874,33,18,396
64290,1108.448276,587,874,29,18,360
64291,1108.465517,587,874,31,18,373
64292,1108.482759,588,873,28,19,362
64293,1108.5,588,874,30,18,372
64294,1108.517241,578,872,41,39,727
64295,1108.534483,578,873,41,37,662
64296,1108.551724,588,873,30,19,368
64297,1108.568966,578,873,40,29,624
64298,1108.586207,579,872,43,38,681
64299,1108.603448,579,872,44,39,741
64300,1108.62069,582,873,41,38,694
64301,1108.637931,582,872,37,39,641
64302,1108.655172,584,872,45,38,793
64303,1108.672414,581,872,43,39,677
64304,1108.689655,592,872,29,20,392
64305,1108.706897,581,872,41,39,741
64306,1108.724138,593,872,27,20,363
64307,1108.741379,581,872,43,37,751
64308,1108.758621,596,872,26,20,360
64309,1108.775862,580,872,54,46,1045
64310,1108.793103,595,871,28,21,383
64324,1109.034483,594,870,34,21,467
64325,1109.051724,604,870,27,23,432
64326,1109.068966,598,870,35,23,518
64327,1109.086207,594,870,40,24,566
64328,1109.103448,592,870,45,23,592
64329,1109.12069,602,870,34,20,483
64330,1109.137931,602,870,36,23,506
64331,1109.155172,602,870,36,24,570
64332,1109.172414,608,870,32,26,516
64333,1109.189655,609,870,31,26,504
64334,1109.206897,609,870,32,26,533
64335,1109.224138,609,870,32,26,529
64336,1109.241379,610,870,31,26,520
64337,1109.258621,610,870,31,26,523
64338,1109.275862,604,870,38,26,627
64339,1109.293103,611,870,30,26,517
64340,1109.310345,611,870,30,26,503
64341,1109.327586,611,870,30,26,520
64342,1109.344828,611,870,31,26,561
64343,1109.362069,610,870,32,26,572
64344,1109.37931,611,870,31,26,559
64345,1109.396552,611,869,33,27,589
64346,1109.413793,612,870,32,26,588
64347,1109.431034,613,869,31,27,574
64348,1109.448276,613,870,32,26,587
64349,1109.465517,603,870,42,26,749
64350,1109.482759,604,869,41,27,669
64351,1109.5,614,870,31,26,581
64352,1109.517241,614,870,31,26,571
64353,1109.534483,614,870,31,26,562
64354,1109.551724,614,870,31,26,561
64355,1109.568966,614,870,31,26,557
64356,1109.586207,603,870,42,26,736
64357,1109.603448,615,870,29,26,526
64358,1109.62069,614,870,31,26,535
64359,1109.637931,617,870,28,26,536
64360,1109.655172,617,870,27,26,517
64361,1109.672414,617,871,27,25,498
64362,1109.689655,619,870,25,26,483
64363,1109.706897,604,870,40,26,633
64364,1109.724138,619,870,24,26,436
64365,1109.741379,619,870,23,26,407
64366,1109.758621,621,870,19,26,360
64398,1110.310345,578,871,52,26,604
64399,1110.327586,577,871,54,30,718
64400,1110.344828,576,870,55,32,786
64401,1110.362069,574,870,57,32,834
64402,1110.37931,573,870,58,32,881
64403,1110.396552,572,870,58,31,834
64404,1110.413793,571,872,58,29,807
64405,1110.431034,570,871,59,30,881
64406,1110.448276,570,872,59,29,836
64407,1110.465517,570,872,59,29,823
64408,1110.482759,569,871,59,30,823
64409,1110.5,568,871,60,30,870
64410,1110.517241,566,871,61,29,874
64411,1110.534483,564,871,62,30,912
64412,1110.551724,564,870,62,31,972
64413,1110.568966,564,870,64,31,1052
64414,1110.586207,563,870,65,31,1017
64415,1110.603448,561,869,67,32,1093
64416,1110.62069,561,869,67,33,1199
64417,1110.637931,560,869,66,33,1124
64418,1110.655172,559,870,66,33,1132
64419,1110.672414,558,869,68,35,1250
64420,1110.689655,557,869,68,36,1275
64421,1110.706897,556,868,69,37,1283
64422,1110.724138,554,867,72,39,1352
64423,1110.741379,553,868,72,38,1343
64424,1110.758621,553,868,69,37,1269
64425,1110.775862,551,868,70,35,1256
64426,1110.793103,550,868,70,35,1233
64427,1110.810345,548,869,73,34,1184
64428,1110.827586,548,868,52,26,956
64429,1110.844828,547,869,70,32,1171
64430,1110.862069,546,869,74,32,1234
64431,1110.87931,545,870,75,31,1284
64432,1110.896552,544,870,74,30,1269
64433,1110.913793,542,868,76,32,1248
64434,1110.931034,542,869,76,32,1191
64435,1110.948276,542,870,75,30,1247
64436,1110.965517,541,870,56,31,1102
64437,1110.982759,539,870,59,31,1134
64438,1111.0,539,870,57,32,1079
64439,1111.017241,537,871,58,31,1087
64440,1111.034483,537,870,59,32,1126
64441,1111.051724,536,870,59,32,1046
64442,1111.068966,535,871,60,31,1060
64443,1111.086207,534,871,59,31,1043
64444,1111.103448,533,871,60,31,1037
64445,1111.12069,532,870,55,31,979
64446,1111.137931,530,870,57,30,1019
64447,1111.155172,529,870,58,31,1077
64448,1111.172414,529,870,55,31,1007
64449,1111.189655,528,870,58,28,1022
64450,1111.206897,526,870,67,30,1113
64451,1111.224138,525,870,68,30,1142
64452,1111.241379,525,870,67,30,1084
64453,1111.258621,525,870,67,30,1071
64454,1111.275862,525,870,66,30,1077
64455,1111.293103,525,870,66,30,1082
64456,1111.310345,524,870,65,30,1046
64457,1111.327586,523,869,66,31,1075
64458,1111.344828,522,869,62,31,1062
64459,1111.362069,520,869,62,31,1053
64460,1111.37931,519,869,63,31,1053
64461,1111.396552,518,869,64,30,1050
64462,1111.413793,518,870,65,29,1030
64463,1111.431034,518,870,64,28,1012
64464,1111.448276,517,869,65,30,1024
64465,1111.465517,516,868,61,30,1011
64466,1111.482759,515,868,62,30,997
64467,1111.5,513,868,56,30,929
64468,1111.517241,512,868,56,31,953
64469,1111.534483,510,868,58,31,935
64470,1111.551724,508,868,62,31,968
64471,1111.568966,507,869,62,30,966
64472,1111.586207,505,868,70,31,1082
64473,1111.603448,504,868,69,31,1041
64474,1111.62069,503,868,69,31,1054
64475,1111.637931,502,868,68,30,1063
64476,1111.655172,502,868,71,30,1103
64477,1111.672414,500,868,70,30,1061
64478,1111.689655,500,867,70,31,1058
64479,1111.706897,499,867,71,31,1080
64480,1111.724138,499,867,65,31,1003
64481,1111.741379,499,867,64,31,993
64482,1111.758621,496,867,69,31,1055
64483,1111.775862,495,867,72,31,1079
64484,1111.793103,494,867,68,31,1066
64485,1111.810345,492,867,66,31,1034
64486,1111.827586,491,866,70,32,1081
64487,1111.844828,491,866,65,32,1032
64488,1111.862069,489,866,67,32,1046
64489,1111.87931,489,866,68,30,1068
64490,1111.896552,487,866,70,30,1069
64491,1111.913793,486,866,66,30,1031
64492,1111.931034,485,866,64,30,1004
64493,1111.948276,484,867,62,29,981
64494,1111.965517,483,867,56,29,919
64495,1111.982759,482,867,56,29,928
64496,1112.0,482,867,62,29,957
64497,1112.017241,480,867,63,29,966
64498,1112.034483,480,867,54,30,900
64499,1112.051724,479,866,55,30,930
64500,1112.068966,479,866,54,30,935
64501,1112.086207,478,865,54,31,920
64502,1112.103448,478,866,54,29,903
64503,1112.12069,479,865,53,30,894
64504,1112.137931,478,866,53,29,907
64505,1112.155172,478,865,53,30,885
64506,1112.172414,478,866,52,29,868
64507,1112.189655,478,865,52,30,903
64508,1112.206897,478,865,52,30,880
64509,1112.224138,478,865,52,30,875
64510,1112.241379,478,864,52,31,844
64511,1112.258621,478,865,50,30,809
64512,1112.275862,478,865,48,30,803
64513,1112.293103,478,866,47,29,767
64514,1112.310345,478,866,44,25,684
64515,1112.327586,479,866,43,27,734
64516,1112.344828,479,866,41,24,641
64517,1112.362069,480,866,38,25,608
64518,1112.37931,482,866,33,25,586
64519,1112.396552,482,866,33,25,552
64520,1112.413793,484,866,29,26,503
64521,1112.431034,484,866,29,25,519
64522,1112.448276,484,866,26,25,460
64523,1112.465517,485,866,23,24,415
64524,1112.482759,485,865,24,26,451
64525,1112.5,484,866,24,25,450
64526,1112.517241,484,865,23,25,413
64527,1112.534483,484,865,22,25,393
64528,1112.551724,484,865,21,22,377
64560,1113.103448,472,862,26,21,365
64561,1113.12069,471,862,27,20,361
64562,1113.137931,471,862,26,20,357
64563,1113.155172,471,862,28,20,411
64564,1113.172414,470,862,49,47,1228
64565,1113.189655,470,862,51,47,1271
64566,1113.206897,467,862,55,47,1463
64567,1113.224138,492,871,33,23,409
64568,1113.241379,493,872,32,22,403
64569,1113.258621,493,871,33,22,422
64570,1113.275862,493,870,33,23,491
64571,1113.293103,493,871,34,24,533
64572,1113.310345,493,871,35,23,557
64573,1113.327586,493,871,35,24,551
64574,1113.344828,493,871,37,24,584
64575,1113.362069,493,872,33,23,472
64576,1113.37931,492,872,35,23,483
64577,1113.396552,492,872,35,23,497
64578,1113.413793,492,872,37,23,508
64579,1113.431034,491,872,34,23,480
64580,1113.448276,491,872,34,24,493
64581,1113.465517,491,872,38,23,548
64582,1113.482759,491,872,37,23,531
64583,1113.5,489,872,38,23,573
64584,1113.517241,489,872,39,23,582
64585,1113.534483,489,872,39,24,606
64586,1113.551724,489,872,39,24,604
64587,1113.568966,455,863,73,33,1138
64588,1113.586207,454,863,75,33,1213
64589,1113.603448,453,863,75,34,1147
64590,1113.62069,452,863,34,21,539
64591,1113.637931,451,864,34,21,555
64592,1113.655172,451,864,33,22,550
64593,1113.672414,450,864,34,22,549
64594,1113.689655,449,864,35,21,559
64595,1113.706897,448,864,36,21,589
64596,1113.724138,449,864,34,20,555
64597,1113.741379,448,864,35,20,558
64598,1113.758621,448,864,35,21,567
64599,1113.775862,447,864,35,23,573
64600,1113.793103,448,864,33,22,553
64601,1113.810345,447,864,34,22,556
64602,1113.827586,447,864,33,22,568
64603,1113.844828,447,864,33,21,550
64604,1113.862069,447,864,32,21,514
64605,1113.87931,447,864,32,21,514
64606,1113.896552,447,865,31,21,513
64607,1113.913793,446,865,32,21,506
64608,1113.931034,446,865,32,21,502
64609,1113.948276,446,865,32,22,513
64610,1113.965517,447,865,31,21,483
64611,1113.982759,447,865,31,22,483
64612,1114.0,446,865,31,22,489
64613,1114.017241,447,865,29,22,473
64614,1114.034483,447,865,29,22,456
64615,1114.051724,447,866,28,21,440
64616,1114.068966,446,866,28,22,446
64617,1114.086207,447,866,26,22,419
64618,1114.103448,447,865,25,21,403
64619,1114.12069,447,866,25,20,396
64620,1114.137931,446,866,26,21,405
64621,1114.155172,446,866,24,20,370
64622,1114.172414,446,866,24,20,369
64623,1114.189655,445,866,25,20,383
64624,1114.206897,445,866,24,20,363
64625,1114.224138,445,866,24,20,361
64626,1114.241379,445,866,24,21,367
64639,1114.465517,432,868,32,21,393
64640,1114.482759,431,870,33,20,402
64641,1114.5,428,868,37,23,488
64642,1114.517241,428,868,37,22,503
64643,1114.534483,426,868,39,22,566
64644,1114.551724,425,868,39,23,595
64645,1114.568966,423,868,41,23,626
64646,1114.586207,421,868,44,23,705
64647,1114.603448,420,868,45,23,726
64648,1114.62069,418,868,47,24,760
64649,1114.637931,418,868,47,24,669
64650,1114.655172,417,867,47,24,682
64651,1114.672414,416,866,48,24,698
64652,1114.689655,416,867,48,24,698
64653,1114.706897,414,867,48,23,685
64654,1114.724138,412,868,49,24,703
64655,1114.741379,411,868,49,24,721
64656,1114.758621,410,868,49,24,711
64657,1114.775862,409,868,49,24,716
64658,1114.793103,407,869,51,24,765
64659,1114.810345,406,870,50,25,752
64660,1114.827586,403,870,52,26,760
64661,1114.844828,402,870,52,26,757
64662,1114.862069,401,870,52,25,765
64663,1114.87931,400,870,52,24,750
64664,1114.896552,399,870,53,24,764
64665,1114.913793,397,869,54,26,797
64666,1114.931034,395,869,56,25,798
64667,1114.948276,393,869,58,26,790
64668,1114.965517,392,870,60,25,785
64669,1114.982759,391,868,60,26,765
64670,1115.0,390,869,61,25,771
64671,1115.017241,387,868,64,27,798
64672,1115.034483,386,868,65,27,868
64673,1115.051724,385,869,66,25,822
64674,1115.068966,384,869,67,25,820
64675,1115.086207,383,870,54,24,682
64676,1115.103448,382,870,54,24,692
64677,1115.12069,381,870,53,24,673
64678,1115.137931,380,870,54,25,697
64679,1115.155172,378,870,53,26,722
64680,1115.172414,376,871,54,25,722
64681,1115.189655,376,870,54,26,709
64682,1115.206897,374,871,55,27,733
64683,1115.224138,374,871,55,27,739
64684,1115.241379,374,871,54,27,742
64685,1115.258621,372,871,55,25,692
64686,1115.275862,371,871,55,27,728
64687,1115.293103,370,871,55,27,723
64688,1115.310345,369,871,55,27,722
64689,1115.327586,368,871,55,27,750
64690,1115.344828,368,871,55,27,752
64691,1115.362069,367,871,55,27,754
64692,1115.37931,367,871,55,27,749
64693,1115.396552,366,871,56,27,748
64694,1115.413793,364,871,57,27,762
64695,1115.431034,366,871,55,27,757
64696,1115.448276,365,871,56,27,767
64697,1115.465517,363,871,57,27,772
64698,1115.482759,363,872,56,26,755
64699,1115.5,363,872,56,25,741
64700,1115.517241,362,871,56,26,725
64701,1115.534483,361,872,57,26,746
64702,1115.551724,361,871,57,27,757
64703,1115.568966,359,871,57,26,765
64704,1115.586207,358,871,57,26,784
64705,1115.603448,358,871,56,27,760
64706,1115.62069,356,871,57,27,757
64707,1115.637931,355,871,58,27,764
64708,1115.655172,355,872,57,26,742
64709,1115.672414,355,872,55,26,719
64710,1115.689655,354,872,56,26,711
64711,1115.706897,353,872,55,26,709
64712,1115.724138,353,873,55,25,684
64713,1115.741379,352,873,55,25,704
64714,1115.758621,350,872,56,26,721
64715,1115.775862,349,872,53,24,678
64716,1115.793103,350,872,50,24,641
64717,1115.810345,349,873,50,23,637
64718,1115.827586,349,873,49,23,627
64719,1115.844828,350,873,47,24,603
64720,1115.862069,348,873,49,24,601
64721,1115.87931,349,873,46,24,567
64722,1115.896552,349,873,46,24,582
64723,1115.913793,350,874,43,23,519
64724,1115.931034,350,874,32,23,416
64725,1115.948276,350,874,32,24,417
64726,1115.965517,350,874,31,24,408
64727,1115.982759,350,874,31,23,402
64728,1116.0,351,874,30,24,398
64729,1116.017241,351,874,29,24,396
64730,1116.034483,351,875,27,23,359
92061,1587.258621,359,877,26,27,357
92062,1587.275862,359,876,27,22,364
92063,1587.293103,359,876,27,30,424
92064,1587.310345,359,877,26,28,377
92065,1587.327586,359,877,26,28,397
92066,1587.344828,360,877,26,28,428
92067,1587.362069,360,877,25,27,364
92068,1587.37931,360,877,26,27,361
92069,1587.396552,360,876,25,28,384
92070,1587.413793,356,876,65,38,1400
92071,1587.431034,361,876,25,28,378
92072,1587.448276,358,876,28,21,379
92073,1587.465517,360,875,26,29,413
92074,1587.482759,356,875,67,30,1198
92075,1587.5,359,875,27,22,362
92076,1587.517241,358,874,31,23,416
92077,1587.534483,358,874,30,23,394
92078,1587.551724,358,874,31,23,401
92079,1587.568966,358,874,31,23,396
92080,1587.586207,357,874,33,23,421
92081,1587.603448,358,874,29,22,373
92082,1587.62069,355,873,61,39,1323
92083,1587.637931,358,874,31,20,367
92084,1587.655172,358,873,60,39,1414
92085,1587.672414,356,873,60,39,1338
92086,1587.689655,358,874,31,20,358
92087,1587.706897,358,874,32,20,375
92217,1589.948276,332,873,29,20,365
92218,1589.965517,498,952,15,19,205
92219,1589.982759,498,951,15,20,218
92220,1590.0,497,950,16,21,232
92221,1590.017241,331,873,29,20,356
92222,1590.034483,497,950,19,17,228
92223,1590.051724,496,950,20,17,235
92224,1590.068966,331,873,29,20,362
92225,1590.086207,331,873,29,20,358
95887,1653.224138,328,882,25,23,377
95888,1653.241379,428,862,14,16,166
95889,1653.258621,428,862,14,16,166
95890,1653.275862,428,862,19,18,236
95891,1653.293103,428,862,17,17,209
95892,1653.310345,428,862,14,17,171
95893,1653.327586,428,862,18,17,210
95894,1653.344828,428,862,18,18,213
95895,1653.362069,428,862,17,16,195
95896,1653.37931,429,862,16,17,195
95897,1653.396552,429,862,18,17,217
95898,1653.413793,326,882,22,24,358
101534,1750.586207,356,884,41,25,360
101535,1750.603448,328,871,39,23,440
101536,1750.62069,355,883,42,26,411
101537,1750.637931,356,884,43,26,420
101538,1750.655172,356,884,40,25,391
101539,1750.672414,356,884,41,26,413
101540,1750.689655,355,883,42,27,453
101541,1750.706897,355,884,42,27,435
101542,1750.724138,355,884,42,27,448
101543,1750.741379,354,883,43,28,467
101544,1750.758621,355,883,43,28,468
102712,1770.896552,364,867,36,16,390
102713,1770.913793,361,866,40,18,530
102714,1770.931034,365,876,23,8,148
102722,1771.068966,360,875,42,12,373
102723,1771.086207,362,869,40,17,504
102724,1771.103448,363,866,38,18,499
103050,1776.724138,360,867,40,17,493
103051,1776.741379,362,865,36,18,459
103052,1776.758621,362,865,36,16,428
103053,1776.775862,364,867,33,15,325
103064,1776.965517,361,874,37,12,331
103065,1776.982759,362,868,38,16,443
103066,1777.0,361,866,39,18,511
103067,1777.017241,363,866,36,18,509
104000,1793.103448,356,862,34,16,392
104001,1793.12069,355,862,35,16,420
104002,1793.137931,356,863,36,16,434
104003,1793.155172,358,865,34,14,378
104004,1793.172414,359,866,34,17,407
104012,1793.310345,360,870,31,10,242
104013,1793.327586,357,864,34,16,390
104014,1793.344828,356,861,33,17,383
104015,1793.362069,355,860,35,18,431
104016,1793.37931,357,862,33,16,373
104017,1793.396552,356,862,35,16,404
104018,1793.413793,356,862,35,16,414
104039,1793.775862,342,881,38,18,421
104040,1793.793103,343,882,37,16,386
104041,1793.810345,345,883,36,16,390
104042,1793.827586,340,872,54,31,762
104043,1793.844828,339,870,55,32,860
104044,1793.862069,339,880,55,21,589
104045,1793.87931,340,882,32,16,242
104046,1793.896552,340,881,32,19,267
104047,1793.913793,339,880,34,20,339
104048,1793.931034,339,881,36,18,331
104049,1793.948276,340,870,54,30,782
104050,1793.965517,341,881,39,18,413
104051,1793.982759,346,881,34,18,376
104052,1794.0,342,871,51,29,820
104053,1794.017241,345,881,35,17,367
104054,1794.034483,343,880,37,18,406
104055,1794.051724,341,870,53,29,858
104056,1794.068966,342,870,52,29,868
104057,1794.086207,344,878,34,20,391
104058,1794.103448,345,881,35,17,374
104059,1794.12069,343,870,51,28,893
104060,1794.137931,345,870,48,28,861
104061,1794.155172,345,870,48,28,873
104062,1794.172414,346,870,47,28,727
104063,1794.189655,347,870,46,29,829
104064,1794.206897,342,870,50,30,903
104065,1794.224138,340,871,53,29,692
104066,1794.241379,341,878,53,22,628
104067,1794.258621,340,877,54,23,673
104068,1794.275862,341,882,40,18,408
104069,1794.293103,343,883,37,17,396
104070,1794.310345,346,883,34,17,361
104071,1794.327586,343,879,37,20,398
104072,1794.344828,345,878,34,20,375
104073,1794.362069,346,879,32,19,396
104074,1794.37931,345,878,33,20,431
104075,1794.396552,342,878,37,21,500
104076,1794.413793,345,879,34,21,389
104077,1794.431034,344,879,35,21,394
104078,1794.448276,343,878,35,22,396
104079,1794.465517,342,878,38,23,444
104080,1794.482759,341,878,38,24,450
104081,1794.5,340,879,39,31,620
104082,1794.517241,339,883,37,33,747
104083,1794.534483,339,884,35,35,778
104084,1794.551724,339,884,35,33,730
104085,1794.568966,339,885,37,29,671
104086,1794.586207,338,883,39,30,712
104087,1794.603448,339,884,37,29,640
104088,1794.62069,339,884,38,29,614
104089,1794.637931,338,884,39,30,635
104090,1794.655172,340,885,40,28,647
104091,1794.672414,340,885,41,28,656
104092,1794.689655,341,886,40,27,652
104093,1794.706897,340,886,37,30,729
104094,1794.724138,340,886,35,31,713
104095,1794.741379,340,886,33,33,716
104096,1794.758621,339,886,34,32,730
104097,1794.775862,339,886,36,31,726
104098,1794.793103,339,885,37,28,601
104099,1794.810345,339,884,40,25,526
104100,1794.827586,339,884,41,26,611
104101,1794.844828,339,884,36,32,666
104102,1794.862069,339,884,37,32,670
104103,1794.87931,338,884,38,33,693
104104,1794.896552,339,885,36,34,711
104105,1794.913793,340,886,35,31,676
104106,1794.931034,340,886,36,30,687
104107,1794.948276,340,886,37,31,721
104108,1794.965517,340,887,36,30,691
104109,1794.982759,342,888,34,28,594
104110,1795.0,342,888,32,29,595
104111,1795.017241,338,887,36,30,647
104112,1795.034483,339,886,37,28,588
104113,1795.051724,339,886,36,26,573
104114,1795.068966,339,886,37,26,639
104115,1795.086207,340,886,36,26,585
104116,1795.103448,340,886,37,26,541
104117,1795.12069,340,886,37,27,452
104118,1795.137931,340,886,41,27,514
104119,1795.155172,344,891,33,22,396
104120,1795.172414,344,891,32,22,403
104121,1795.189655,340,886,36,30,576
104122,1795.206897,342,890,35,25,499
104123,1795.224138,344,892,37,18,365
104124,1795.241379,342,888,22,20,265
104125,1795.258621,342,887,34,27,590
104126,1795.275862,342,886,34,27,551
104150,1795.689655,344,889,37,25,415
104151,1795.706897,344,890,37,26,447
104152,1795.724138,343,890,34,26,505
104153,1795.741379,344,889,39,26,575
104154,1795.758621,346,891,11,14,119
104156,1795.793103,344,898,32,19,295
104157,1795.810345,340,894,36,23,402
104158,1795.827586,344,899,31,18,280
104159,1795.844828,342,891,36,26,457
104160,1795.862069,343,891,27,25,378
104161,1795.87931,341,889,33,27,559
104162,1795.896552,345,891,30,24,464
104163,1795.913793,350,893,33,21,439
104164,1795.931034,352,895,33,19,442
104165,1795.948276,350,897,32,19,381
104222,1796.931034,341,891,32,26,426
104223,1796.948276,342,890,30,26,497
104224,1796.965517,347,891,30,24,438
104225,1796.982759,349,891,33,21,399
104226,1797.0,352,892,31,19,376
104282,1797.965517,347,888,34,21,414
104283,1797.982759,347,888,36,22,475
104284,1798.0,347,888,35,21,435
104287,1798.051724,345,892,27,24,314
104288,1798.068966,345,892,31,24,440
104289,1798.086207,345,892,36,24,537
104290,1798.103448,345,892,30,24,404
104291,1798.12069,348,893,28,23,420
